No.,山名,エリア,標高,"難易度
★=5段階
☆=3段階","定数
数値=体力度
☆=3段階",参考日程,緯度経度,緯度,緯度（度）,緯度（分）,緯度（秒）,lat,経度,経度（度）,経度（分）,経度（秒）,lng
1,利尻岳,北海道,1719m,★★★,37,日帰り,"45度10分43秒, 141度14分31秒",45度10分43秒,45,10,43,45.17861111,141度14分31秒,141,14,31,141.2419444
2,羅臼岳,北海道,1661m,★★★,39,日帰り,"44度04分33秒, 145度07分20秒",44度04分33秒,44,4,33,44.07583333,145度07分20秒,145,7,20,145.1222222
3,斜里岳,北海道,1547m,★★★,29,日帰り,"43度45分56秒, 144度43分04秒",43度45分56秒,43,45,56,43.76555556,144度43分04秒,144,43,4,144.7177778
4,阿寒岳,北海道,1499m,★★,27,日帰り,"43度27分15秒, 144度09分53秒",43度27分15秒,43,27,15,43.45416667,144度09分53秒,144,9,53,144.1647222
5,大雪山,北海道,2290m,★★★,30,日帰り,"43度39分49秒, 142度51分15秒",43度39分49秒,43,39,49,43.66361111,142度51分15秒,142,51,15,142.8541667
6,トムラウシ山,北海道,2141m,★★★,67,1泊2日,"43度31分38秒, 142度50分56秒",43度31分38秒,43,31,38,43.52722222,142度50分56秒,142,50,56,142.8488889
7,十勝岳,北海道,2077m,★★★,40,日帰り,"43度25分04秒, 142度41分11秒",43度25分04秒,43,25,4,43.41777778,142度41分11秒,142,41,11,142.6863889
8,幌尻岳,北海道,2052m,★★★★,64,2泊3日,"42度43分10秒, 142度40分58秒",42度43分10秒,42,43,10,42.71944444,142度40分58秒,142,40,58,142.6827778
9,後方羊蹄山,北海道,1898m,★★★,42,日帰り,"42度49分36秒, 140度48分41秒",42度49分36秒,42,49,36,42.82666667,140度48分41秒,140,48,41,140.8113889
10,岩木山,東北,1625m,★★★,32,日帰り,"40度39分21秒, 140度18分11秒",40度39分21秒,40,39,21,40.65583333,140度18分11秒,140,18,11,140.3030556
11,八甲田山,東北,1585m,★★,20,日帰り,"40度39分32秒, 140度52分38秒",40度39分32秒,40,39,32,40.65888889,140度52分38秒,140,52,38,140.8772222
12,八幡平,東北,1613m,★★,16,日帰り,"39度57分28秒, 140度51分15秒",39度57分28秒,39,57,28,39.95777778,140度51分15秒,140,51,15,140.8541667
13,岩手山,東北,2038m,★★★,37,日帰り,"39度51分09秒, 141度00分04秒",39度51分09秒,39,51,9,39.8525,141度00分04秒,141,0,4,141.0011111
14,早池峰山,東北,1917m,★★,19,日帰り,"39度33分31秒, 141度29分19秒",39度33分31秒,39,33,31,39.55861111,141度29分19秒,141,29,19,141.4886111
15,鳥海山,東北,2236m,★★★,34,日帰り,"39度05分57秒, 140度02分56秒",39度05分57秒,39,5,57,39.09916667,140度02分56秒,140,2,56,140.0488889
16,月山,東北,1984m,★★,22,日帰り,"42度46分12秒, 140度12分54秒",42度46分12秒,42,46,12,42.77,140度12分54秒,140,12,54,140.215
17,朝日連峰,東北,1870m,☆☆,☆☆☆,2泊3日,"38度15分38秒, 139度55分20秒",38度15分38秒,38,15,38,38.26055556,139度55分20秒,139,55,20,139.9222222
18,蔵王山,東北,1841m,★★,14,日帰り,"38度08分37秒, 140度26分24秒",38度08分37秒,38,8,37,38.14361111,140度26分24秒,140,26,24,140.44
19,飯豊連峰,東北,2105m,☆☆☆,☆☆☆,2泊3日,"37度51分17秒, 139度42分26秒",37度51分17秒,37,51,17,37.85472222,139度42分26秒,139,42,26,139.7072222
20,吾妻山,東北,2035m,☆☆,☆☆☆,1泊2日,"37度44分18秒, 140度08分27秒",37度44分18秒,37,44,18,37.73833333,140度08分27秒,140,8,27,140.1408333
21,安達太良山,東北,1700m,☆☆,☆,日帰り,"37度37分16秒, 140度17分16秒",37度37分16秒,37,37,16,37.62111111,140度17分16秒,140,17,16,140.2877778
22,磐梯山,東北,1819m,☆☆,☆☆,日帰り,"37度36分04秒, 140度04分20秒",37度36分04秒,37,36,4,37.60111111,140度04分20秒,140,4,20,140.0722222
23,会津駒ヶ岳,東北,2132m,☆☆,☆☆,1泊2日,"37度02分51秒, 139度21分13秒",37度02分51秒,37,2,51,37.0475,139度21分13秒,139,21,13,139.3536111
24,那須岳,北関東,1915m,☆☆,☆☆,1泊2日,"37度07分29秒, 139度57分47秒",37度07分29秒,37,7,29,37.12472222,139度57分47秒,139,57,47,139.9630556
25,筑波山,北関東,877m,☆,☆,日帰り,"36度13分31秒, 140度06分24秒",36度13分31秒,36,13,31,36.22527778,140度06分24秒,140,6,24,140.1066667
26,燧ヶ岳,尾瀬,2356m,☆☆,☆☆,1泊2日,"36度57分18秒, 139度17分07秒",36度57分18秒,36,57,18,36.955,139度17分07秒,139,17,7,139.2852778
27,至仏山,尾瀬,2228m,☆☆,☆☆,1泊2日,"36度54分13秒, 139度10分24秒",36度54分13秒,36,54,13,36.90361111,139度10分24秒,139,10,24,139.1733333
28,武尊山,上州,2158m,☆☆,☆☆☆,日帰り,"36度48分19秒, 139度07分57秒",36度48分19秒,36,48,19,36.80527778,139度07分57秒,139,7,57,139.1325
29,赤城山,上州,1828m,☆,☆☆,日帰り,"36度33分37秒, 139度11分36秒",36度33分37秒,36,33,37,36.56027778,139度11分36秒,139,11,36,139.1933333
30,男体山,日光,2486m,☆☆,☆☆,日帰り,"36度43分27秒, 140度25分11秒",36度43分27秒,36,43,27,36.72416667,140度25分11秒,140,25,11,140.4197222
31,日光白根山,日光,2578m,☆☆,☆☆,日帰り,"36度47分55秒, 139度22分33秒",36度47分55秒,36,47,55,36.79861111,139度22分33秒,139,22,33,139.3758333
32,皇海山,足尾,2144m,☆☆,☆,日帰り,"36度41分24秒, 139度20分13秒",36度41分24秒,36,41,24,36.69,139度20分13秒,139,20,13,139.3369444
33,越後駒ヶ岳,上信越,2003m,☆☆,☆☆☆,1泊2日,"37度11分00秒, 139度11分22秒",37度11分00秒,37,11,0,37.18333333,139度11分22秒,139,11,22,139.1894444
34,平ヶ岳,上信越,2141m,☆,☆☆☆,1泊2日,"37度00分07秒, 139度10分15秒",37度00分07秒,37,0,7,37.00194444,139度10分15秒,139,10,15,139.1708333
35,巻機山,上信越,1967m,☆,☆☆,前夜泊日帰り,"36度58分43秒, 138度57分51秒",36度58分43秒,36,58,43,36.97861111,138度57分51秒,138,57,51,138.9641667
36,谷川岳,上信越,1963m,☆☆,☆☆,前夜泊日帰り,"36度50分57秒, 138度55分00秒",36度50分57秒,36,50,57,36.84916667,138度55分00秒,138,55,0,138.9166667
37,苗場山,上信越,2145m,☆☆,☆☆,2泊3日,"36度50分45秒, 138度41分25秒",36度50分45秒,36,50,45,36.84583333,138度41分25秒,138,41,25,138.6902778
38,雨飾山,上信越,1963m,☆☆,☆☆,前夜泊日帰り,"36度54分07秒, 137度57分45秒",36度54分07秒,36,54,7,36.90194444,137度57分45秒,137,57,45,137.9625
39,妙高山,上信越,2454m,☆☆,☆☆,1泊2日,"36度53分29秒, 138度06分48秒",36度53分29秒,36,53,29,36.89138889,138度06分48秒,138,6,48,138.1133333
40,火打山,上信越,2462m,☆☆,☆☆,1泊2日,"36度55分22秒, 138度04分05秒",36度55分22秒,36,55,22,36.92277778,138度04分05秒,138,4,5,138.0680556
41,高妻山,上信越,2353m,☆☆,☆☆☆,日帰り,"36度48分00秒, 138度03分07秒",36度48分00秒,36,48,0,36.8,138度03分07秒,138,3,7,138.0519444
42,草津白根山,上信越,2165m,☆,☆,前夜泊1日,"36度38分38秒, 138度31分40秒",36度38分38秒,36,38,38,36.64388889,138度31分40秒,138,31,40,138.5277778
43,四阿山,上信越,2354m,☆☆,☆☆,前夜泊1日,"36度32分30秒, 138度24分47秒",36度32分30秒,36,32,30,36.54166667,138度24分47秒,138,24,47,138.4130556
44,浅間山,上信越,2568m,☆,☆☆,前夜泊1日,"36度24分24秒, 138度31分23秒",36度24分24秒,36,24,24,36.40666667,138度31分23秒,138,31,23,138.5230556
45,両神山,秩父,1723m,☆☆,☆☆,日帰り,"36度01分24秒, 138度50分29秒",36度01分24秒,36,1,24,36.02333333,138度50分29秒,138,50,29,138.8413889
46,甲武信岳,奥秩父,2475m,☆☆,☆☆,1泊2日,"35度54分32秒, 138度43分44秒",35度54分32秒,35,54,32,35.90888889,138度43分44秒,138,43,44,138.7288889
47,金峰山,奥秩父,2595m,☆☆,☆☆,前夜泊1日,"35度52分17秒, 138度37分31秒",35度52分17秒,35,52,17,35.87138889,138度37分31秒,138,37,31,138.6252778
48,瑞牆山,奥秩父,2230m,☆☆,☆☆,前夜泊1日,"35度53分36秒, 138度35分31秒",35度53分36秒,35,53,36,35.89333333,138度35分31秒,138,35,31,138.5919444
49,雲取山,奥秩父,2017m,☆,☆☆,1泊2日,"35度51分20秒, 138度56分38秒",35度51分20秒,35,51,20,35.85555556,138度56分38秒,138,56,38,138.9438889
50,大菩薩嶺,奥秩父,2057m,☆,☆☆,1泊2日,"35度44分56秒, 138度50分44秒",35度44分56秒,35,44,56,35.74888889,138度50分44秒,138,50,44,138.8455556
51,丹沢,南関東,1567m,☆☆,☆☆,1泊2日,"35度29分11秒, 139度08分20秒",35度29分11秒,35,29,11,35.48638889,139度08分20秒,139,8,20,139.1388889
52,富士山,南関東,3776m,☆,☆☆☆,1泊2日,"35度21分39秒, 138度43分39秒",35度21分39秒,35,21,39,35.36083333,138度43分39秒,138,43,39,138.7275
53,天城山,南関東,1406m,☆,☆☆,前夜泊1日,"34度51分46秒, 139度00分06秒",34度51分46秒,34,51,46,34.86277778,139度00分06秒,139,0,6,139.0016667
54,白馬岳,北アルプス,2932m,☆☆☆,☆☆☆,1泊2日,"36度45分31秒, 137度45分31秒",36度45分31秒,36,45,31,36.75861111,137度45分31秒,137,45,31,137.7586111
55,五竜岳,北アルプス,2814m,☆☆☆,☆☆☆,2泊3日,"36度39分30秒, 137度45分10秒",36度39分30秒,36,39,30,36.65833333,137度45分10秒,137,45,10,137.7527778
56,鹿島槍ヶ岳,北アルプス,2890m,☆☆,☆☆☆,2泊3日,"36度37分28秒, 137度44分49秒",36度37分28秒,36,37,28,36.62444444,137度44分49秒,137,44,49,137.7469444
57,剱岳,北アルプス,2999m,☆☆☆,☆☆☆,1泊2日,"36度37分24秒, 137度37分01秒",36度37分24秒,36,37,24,36.62333333,137度37分01秒,137,37,1,137.6169444
58,立山,北アルプス,3015m,☆☆,☆☆,1泊2日,"36度34分33秒, 137度37分11秒",36度34分33秒,36,34,33,36.57583333,137度37分11秒,137,37,11,137.6197222
59,薬師岳,北アルプス,2926m,☆☆,☆☆,1泊2日,"39度31分48秒, 141度29分45秒",39度31分48秒,39,31,48,39.53,141度29分45秒,141,29,45,141.4958333
60,黒部五郎岳,北アルプス,2840m,☆☆,☆☆☆,3泊4日,"36度23分33秒, 137度32分24秒",36度23分33秒,36,23,33,36.3925,137度32分24秒,137,32,24,137.54
61,水晶岳,北アルプス,2978m,☆☆,☆☆☆,2泊3日,"36度25分35秒, 137度36分10秒",36度25分35秒,36,25,35,36.42638889,137度36分10秒,137,36,10,137.6027778
62,鷲羽岳,北アルプス,2924m,☆☆,☆☆☆,2泊3日,"36度24分11秒, 137度36分19秒",36度24分11秒,36,24,11,36.40305556,137度36分19秒,137,36,19,137.6052778
63,槍ヶ岳,北アルプス,3180m,☆☆☆,☆☆☆,2泊3日,"36度37分28秒, 137度44分49秒",36度37分28秒,36,37,28,36.62444444,137度44分49秒,137,44,49,137.7469444
64,穂高岳,北アルプス,3190m,☆☆☆,☆☆☆,2泊3日,"36度18分09秒, 137度39分07秒",36度18分09秒,36,18,9,36.3025,137度39分07秒,137,39,7,137.6519444
65,常念岳,北アルプス,2857m,☆☆,☆☆,1泊2日,"36度19分32秒, 137度43分39秒",36度19分32秒,36,19,32,36.32555556,137度43分39秒,137,43,39,137.7275
66,笠ヶ岳,北アルプス,2897m,☆☆,☆☆☆,1泊2日,"36度40分36秒, 138度28分53秒",36度40分36秒,36,40,36,36.67666667,138度28分53秒,138,28,53,138.4813889
67,焼岳,北アルプス,2444m,☆☆,☆☆,日帰り,"36度13分37秒, 137度35分13秒",36度13分37秒,36,13,37,36.22694444,137度35分13秒,137,35,13,137.5869444
68,乗鞍岳,北アルプス,3026m,☆,☆,日帰り,"36度47分19秒, 137度47分57秒",36度47分19秒,36,47,19,36.78861111,137度47分57秒,137,47,57,137.7991667
69,美ヶ原,美ヶ原,2034m,☆,☆☆,日帰り,"36度13分33秒, 138度06分27秒",36度13分33秒,36,13,33,36.22583333,138度06分27秒,138,6,27,138.1075
70,霧ヶ峰,霧ヶ峰,1925m,☆,☆,日帰り,"36度06分11秒, 138度11分48秒",36度06分11秒,36,6,11,36.10305556,138度11分48秒,138,11,48,138.1966667
71,蓼科山,蓼科山,2530m,☆,☆☆,1泊2日,"36度06分13秒, 138度17分42秒",36度06分13秒,36,6,13,36.10361111,138度17分42秒,138,17,42,138.295
72,八ヶ岳,八ヶ岳,2899m,☆☆,☆☆,1泊2日,"35度58分15秒, 138度22分12秒",35度58分15秒,35,58,15,35.97083333,138度22分12秒,138,22,12,138.37
73,御嶽山,御嶽山,3067m,☆☆,☆☆☆,1泊2日,"35度53分34秒, 137度28分49秒",35度53分34秒,35,53,34,35.89277778,137度28分49秒,137,28,49,137.4802778
74,木曽駒ヶ岳,中央アルプス,2956m,☆☆,☆☆,1泊2日,"35度47分22秒, 137度48分16秒",35度47分22秒,35,47,22,35.78944444,137度48分16秒,137,48,16,137.8044444
75,空木岳,中央アルプス,2864m,☆☆☆,☆☆☆,1泊2日,"35度43分08秒, 137度49分02秒",35度43分08秒,35,43,8,35.71888889,137度49分02秒,137,49,2,137.8172222
76,恵那山,中央アルプス,2191m,☆,☆☆,日帰り,"35度26分37秒, 137度35分50秒",35度26分37秒,35,26,37,35.44361111,137度35分50秒,137,35,50,137.5972222
77,甲斐駒ヶ岳,南アルプス,2967m,☆☆,☆☆,1泊2日,"35度46分44秒, 138度12分36秒",35度46分44秒,35,46,44,35.77888889,138度12分36秒,138,12,36,138.21
78,仙丈ヶ岳,南アルプス,3033m,☆☆,☆☆,1泊2日,"35度43分12秒, 138度11分01秒",35度43分12秒,35,43,12,35.72,138度11分01秒,138,11,1,138.1836111
79,鳳凰山,南アルプス,2840m,☆☆,☆☆,2泊3日,"35度42分06秒, 138度18分17秒",35度42分06秒,35,42,6,35.70166667,138度18分17秒,138,18,17,138.3047222
80,北岳,南アルプス,3192m,☆☆,☆☆☆,2泊3日,"35度40分28秒, 138度14分20秒",35度40分28秒,35,40,28,35.67444444,138度14分20秒,138,14,20,138.2388889
81,間ノ岳,南アルプス,3189m,☆☆,☆☆☆,2泊3日,"35度38分46秒, 138度13分42秒",35度38分46秒,35,38,46,35.64611111,138度13分42秒,138,13,42,138.2283333
82,塩見岳,南アルプス,3047m,☆☆,☆☆☆,2泊3日,"35度34分23秒, 138度11分01秒",35度34分23秒,35,34,23,35.57305556,138度11分01秒,138,11,1,138.1836111
83,悪沢岳,南アルプス,3141m,☆☆,☆☆☆,2泊3日,"35度30分03秒, 138度10分57秒",35度30分03秒,35,30,3,35.50083333,138度10分57秒,138,10,57,138.1825
84,赤石岳,南アルプス,3120m,☆☆,☆☆☆,2泊3日,"35度27分40秒, 138度09分26秒",35度27分40秒,35,27,40,35.46111111,138度09分26秒,138,9,26,138.1572222
85,聖岳,南アルプス,3013m,☆☆,☆☆☆,3泊4日,"35度25分22秒, 138度08分23秒",35度25分22秒,35,25,22,35.42277778,138度08分23秒,138,8,23,138.1397222
86,光岳,南アルプス,2591m,☆☆,☆☆☆,2泊3日,"35度20分17秒, 138度05分02秒",35度20分17秒,35,20,17,35.33805556,138度05分02秒,138,5,2,138.0838889
87,白山,北陸,2702m,☆☆,☆☆,1泊2日,"38度14分06秒, 140度48分08秒",38度14分06秒,38,14,6,38.235,140度48分08秒,140,48,8,140.8022222
88,荒島岳,北陸,1524m,☆☆,☆☆☆,日帰り,"35度56分03秒, 136度36分05秒",35度56分03秒,35,56,3,35.93416667,136度36分05秒,136,36,5,136.6013889
89,伊吹山,近畿,1377m,☆☆,☆☆,日帰り,"35度25分04秒, 136度24分23秒",35度25分04秒,35,25,4,35.41777778,136度24分23秒,136,24,23,136.4063889
90,大台ヶ原山,近畿,1695m,☆,☆,日帰り,"34度11分07秒, 136度06分33秒",34度11分07秒,34,11,7,34.18527778,136度06分33秒,136,6,33,136.1091667
91,大峰山,近畿,1915m,☆☆,☆☆,1泊2日,"34度10分25秒, 135度54分27秒",34度10分25秒,34,10,25,34.17361111,135度54分27秒,135,54,27,135.9075
92,大山,中国,1709m,☆,☆☆,日帰り,"34度57分51秒, 139度46分40秒",34度57分51秒,34,57,51,34.96416667,139度46分40秒,139,46,40,139.7777778
93,剣山,四国,1955m,☆,☆☆,日帰り,"42度50分55秒, 142度53分06秒",42度50分55秒,42,50,55,42.84861111,142度53分06秒,142,53,6,142.885
94,石鎚山,四国,1982m,☆☆,☆☆,日帰り,"33度46分04秒, 133度06分54秒",33度46分04秒,33,46,4,33.76777778,133度06分54秒,133,6,54,133.115
95,九重山,九州,1787m,☆,☆☆,1泊2日,"33度04分56秒, 131度14分27秒",33度04分56秒,33,4,56,33.08222222,131度14分27秒,131,14,27,131.2408333
96,祖母山,九州,1756m,☆☆,☆☆☆,日帰り,"32度49分41秒, 131度20分49秒",32度49分41秒,32,49,41,32.82805556,131度20分49秒,131,20,49,131.3469444
97,阿蘇山,九州,1592m,☆☆,☆☆,日帰り,"32度53分04秒, 131度06分14秒",32度53分04秒,32,53,4,32.88444444,131度06分14秒,131,6,14,131.1038889
98,霧島山,九州,1700m,☆,☆☆,日帰り,"31度56分03秒, 130度51分42秒",31度56分03秒,31,56,3,31.93416667,130度51分42秒,130,51,42,130.8616667
99,開聞岳,九州,922m,☆,☆,日帰り,"31度10分48秒, 130度31分42秒",31度10分48秒,31,10,48,31.18,130度31分42秒,130,31,42,130.5283333
100,宮之浦岳,九州,1936m,☆☆☆,☆☆☆,2泊3日,"30度20分10秒, 130度30分15秒",30度20分10秒,30,20,10,30.33611111,130度30分15秒,130,30,15,130.5041667
2001,天塩岳,北海道,1558m,★★,27,日帰り,"43度57分52秒, 142度53分17秒",43度57分52秒,43,57,52,43.96444444,142度53分17秒,142,53,17,142.8880556
2002,石狩岳,北海道,1967m,★★★★,51,1泊2日,"43度32分48秒, 143度01分20秒",43度32分48秒,43,32,48,43.54666667,143度01分20秒,143,1,20,143.0222222
2003,ニペソツ山,北海道,2013m,★★★,40,日帰り,"43度27分21秒, 143度01分56秒",43度27分21秒,43,27,21,43.45583333,143度01分56秒,143,1,56,143.0322222
2004,ｶﾑｲｴｸｳﾁｶｳｼ山,北海道,1979m,★★★★,103,1泊2日,"42度37分30秒, 142度45分59秒",42度37分30秒,42,37,30,42.625,142度45分59秒,142,45,59,142.7663889
2005,ペテガリ岳,北海道,1736m,★★★★,76,2泊3日,"42度29分58秒, 142度52分16秒",42度29分58秒,42,29,58,42.49944444,142度52分16秒,142,52,16,142.8711111
2006,芦別岳,北海道,1726m,★★★★,46,日帰り,"43度14分09秒, 142度17分01秒",43度14分09秒,43,14,9,43.23583333,142度17分01秒,142,17,1,142.2836111
2007,夕張岳,北海道,1668m,★★★,33,日帰り,"43度05分59秒, 142度15分04秒",43度05分59秒,43,5,59,43.09972222,142度15分04秒,142,15,4,142.2511111
2008,暑寒別岳,北海道,1492m,★★★,41,日帰り,"43度42分57秒, 141度31分23秒",43度42分57秒,43,42,57,43.71583333,141度31分23秒,141,31,23,141.5230556
2009,樽前山,北海道,1041m,★,16,日帰り,"42度41分26秒, 141度22分36秒",42度41分26秒,42,41,26,42.69055556,141度22分36秒,141,22,36,141.3766667
2010,北海道駒ヶ岳,北海道,1131m,★,10,日帰り,"42度03分48秒, 140度40分38秒",42度03分48秒,42,3,48,42.06333333,140度40分38秒,140,40,38,140.6772222
2011,白神岳,東北,1235m,★★,38,日帰り,"40度31分26秒, 140度02分44秒",40度31分26秒,40,31,26,40.52388889,140度02分44秒,140,2,44,140.0455556
2012,姫神山,東北,1124m,★,14,日帰り,"39度50分39秒, 141度14分49秒",39度50分39秒,39,50,39,39.84416667,141度14分49秒,141,14,49,141.2469444
2013,秋田駒ヶ岳,東北,1637m,★★,12,日帰り,"40度24分46秒, 140度15分04秒",40度24分46秒,40,24,46,40.41277778,140度15分04秒,140,15,4,140.2511111
2014,和賀岳,東北,1439m,★★★,34,日帰り,"39度34分13秒, 140度45分15秒",39度34分13秒,39,34,13,39.57027778,140度45分15秒,140,45,15,140.7541667
2015,森吉山,東北,1454m,★★,23,日帰り,"39度58分36秒, 140度32分39秒",39度58分36秒,39,58,36,39.97666667,140度32分39秒,140,32,39,140.5441667
2016,焼石岳,東北,1547m,★★,24,日帰り,"39度09分49秒, 140度49分44秒",39度09分49秒,39,9,49,39.16361111,140度49分44秒,140,49,44,140.8288889
2017,栗駒山,東北,1626m,★★,14,日帰り,"38度57分39秒, 140度47分18秒",38度57分39秒,38,57,39,38.96083333,140度47分18秒,140,47,18,140.7883333
2018,神室山,東北,1365m,★★★,31,日帰り,"38度54分08秒, 140度29分32秒",38度54分08秒,38,54,8,38.90222222,140度29分32秒,140,29,32,140.4922222
2019,船形山,東北,1500m,★★,16,日帰り,"38度27分20秒, 140度37分12秒",38度27分20秒,38,27,20,38.45555556,140度37分12秒,140,37,12,140.62
2020,以東岳,東北,1772m,★★★★,-,日帰り,"38度20分35秒, 139度50分57秒",38度20分35秒,38,20,35,38.34305556,139度50分57秒,139,50,57,139.8491667
2021,杁差岳,東北,1636m,★★★,-,1泊2日,"37度56分33秒, 139度36分32秒",37度56分33秒,37,56,33,37.9425,139度36分32秒,139,36,32,139.6088889
2022,二王子岳,東北,1420m,★★,-,日帰り,"37度53分59秒, 139度29分57秒",37度53分59秒,37,53,59,37.89972222,139度29分57秒,139,29,57,139.4991667
2023,帝釈山,東北,2060m,★★,-,日帰り,"36度58分11秒, 139度27分36秒",36度58分11秒,36,58,11,36.96972222,139度27分36秒,139,27,36,139.46
2024,会津朝日岳,東北,1624m,★★★,-,日帰り,"37度13分16秒, 139度20分23秒",37度13分16秒,37,13,16,37.22111111,139度20分23秒,139,20,23,139.3397222
2025,女峰山,関東,2483m,★★★★,-,日帰り,"36度48分41秒, 139度32分11秒",36度48分41秒,36,48,41,36.81138889,139度32分11秒,139,32,11,139.5363889
2026,仙ノ倉山,関東,2026m,★★★,-,1泊2日,"36度49分03秒, 138度50分22秒",36度49分03秒,36,49,3,36.8175,138度50分22秒,138,50,22,138.8394444
2027,榛名山,関東,1449m,★,-,日帰り,"36度28分39秒, 138度51分03秒",36度28分39秒,36,28,39,36.4775,138度51分03秒,138,51,3,138.8508333
2028,浅間隠山,関東,1757m,★★,-,日帰り,"36度27分13秒, 138度39分09秒",36度27分13秒,36,27,13,36.45361111,138度39分09秒,138,39,9,138.6525
2029,妙義山,関東,1104m,★★★,-,日帰り,"36度17分55秒, 138度44分56秒",36度17分55秒,36,17,55,36.29861111,138度44分56秒,138,44,56,138.7488889
2030,荒船山,関東,1423m,★,-,日帰り,"36度12分14秒, 138度38分14秒",36度12分14秒,36,12,14,36.20388889,138度38分14秒,138,38,14,138.6372222
2031,武甲山,関東,1304m,★★,-,日帰り,"35度57分06秒, 139度05分52秒",35度57分06秒,35,57,6,35.95166667,139度05分52秒,139,5,52,139.0977778
2032,白石山（和名倉山）,関東,2036m,★★★,-,1泊2日,"35度53分58秒, 138度52分41秒",35度53分58秒,35,53,58,35.89944444,138度52分41秒,138,52,41,138.8780556
2033,大岳山,関東,1266m,★★,-,日帰り,"35度45分55秒, 139度07分49秒",35度45分55秒,35,45,55,35.76527778,139度07分49秒,139,7,49,139.1302778
2034,御神楽岳,甲信越,1386m,★★★★,-,日帰り,"37度31分19秒, 139度25分33秒",37度31分19秒,37,31,19,37.52194444,139度25分33秒,139,25,33,139.4258333
2035,守門岳,甲信越,1537m,★★,-,日帰り,"37度23分52秒, 139度08分12秒",37度23分52秒,37,23,52,37.39777778,139度08分12秒,139,8,12,139.1366667
2036,八海山,甲信越,1778m,★★★,-,日帰り,"37度06分14秒, 139度01分29秒",37度06分14秒,37,6,14,37.10388889,139度01分29秒,139,1,29,139.0247222
2037,荒沢岳,甲信越,1969m,★★★,-,日帰り,"37度06分02秒, 139度08分53秒",37度06分02秒,37,6,2,37.10055556,139度08分53秒,139,8,53,139.1480556
2038,中ノ岳,甲信越,2085m,★★★★,-,1泊2日,"42度28分05秒, 142度53分04秒",42度28分05秒,42,28,5,42.46805556,142度53分04秒,142,53,4,142.8844444
2039,佐武流山,甲信越,2192m,★★★★,-,日帰り,"36度46分20秒, 138度40分14秒",36度46分20秒,36,46,20,36.77222222,138度40分14秒,138,40,14,138.6705556
2040,白砂山,甲信越,2140m,★★★,-,日帰り,"36度44分17秒, 138度41分37秒",36度44分17秒,36,44,17,36.73805556,138度41分37秒,138,41,37,138.6936111
2041,鳥甲山,甲信越,2038m,★★★,-,日帰り,"36度50分21秒, 138度35分02秒",36度50分21秒,36,50,21,36.83916667,138度35分02秒,138,35,2,138.5838889
2042,岩菅山,甲信越,2295m,★★,-,日帰り,"36度45分10秒, 138度34分05秒",36度45分10秒,36,45,10,36.75277778,138度34分05秒,138,34,5,138.5680556
2043,飯縄山,甲信越,1917m,★★,-,日帰り,"36度44分22秒, 138度08分01秒",36度44分22秒,36,44,22,36.73944444,138度08分01秒,138,8,1,138.1336111
2044,黒姫山,甲信越,2053m,★★★,-,日帰り,"37度13分34秒, 138度35分32秒",37度13分34秒,37,13,34,37.22611111,138度35分32秒,138,35,32,138.5922222
2045,戸隠山,甲信越,1904m,★★★,-,日帰り,"36度46分13秒, 138度03分18秒",36度46分13秒,36,46,13,36.77027778,138度03分18秒,138,3,18,138.055
2046,天狗岳,甲信越,2646m,★★,-,1泊2日,"43度11分05秒, 140度39分39秒",43度11分05秒,43,11,5,43.18472222,140度39分39秒,140,39,39,140.6608333
2047,御座山,甲信越,2112m,★★,-,日帰り,"36度02分02秒, 138度36分24秒",36度02分02秒,36,2,2,36.03388889,138度36分24秒,138,36,24,138.6066667
2048,乾徳山,甲信越,2031m,★★,-,日帰り,"35度49分23秒, 138度42分54秒",35度49分23秒,35,49,23,35.82305556,138度42分54秒,138,42,54,138.715
2049,茅ヶ岳,甲信越,1704m,★★,-,日帰り,"35度47分42秒, 138度30分50秒",35度47分42秒,35,47,42,35.795,138度30分50秒,138,30,50,138.5138889
2050,御正体山,甲信越,1681m,★★,-,日帰り,"35度29分13秒, 138度55分54秒",35度29分13秒,35,29,13,35.48694444,138度55分54秒,138,55,54,138.9316667
2051,三ツ峠山,甲信越,1785m,★★★,-,日帰り,"35度32分57秒, 138度48分33秒",35度32分57秒,35,32,57,35.54916667,138度48分33秒,138,48,33,138.8091667
2052,毛無山,甲信越,1964m,★★★,-,日帰り,"42度17分43秒, 139度48分38秒",42度17分43秒,42,17,43,42.29527778,139度48分38秒,139,48,38,139.8105556
2053,櫛形山,甲信越,2052m,★★,-,日帰り,"35度35分12秒, 138度22分09秒",35度35分12秒,35,35,12,35.58666667,138度22分09秒,138,22,9,138.3691667
2054,七面山,甲信越,1989m,★★★,-,日帰り,"35度22分10秒, 138度20分56秒",35度22分10秒,35,22,10,35.36944444,138度20分56秒,138,20,56,138.3488889
2055,雪倉岳,北・中央アルプス,2611m,★★★★,-,2泊3日,"36度47分41秒, 137度45分15秒",36度47分41秒,36,47,41,36.79472222,137度45分15秒,137,45,15,137.7541667
2056,針ノ木岳,北・中央アルプス,2821m,★★★,-,1泊2日,"36度32分17秒, 137度41分04秒",36度32分17秒,36,32,17,36.53805556,137度41分04秒,137,41,4,137.6844444
2057,毛勝山,北・中央アルプス,2415m,★★★★★,-,1泊2日,"36度42分04秒, 137度35分27秒",36度42分04秒,36,42,4,36.70111111,137度35分27秒,137,35,27,137.5908333
2058,奥大日岳,北・中央アルプス,2611m,★★★,-,1泊2日,"36度35分54秒, 137度34分51秒",36度35分54秒,36,35,54,36.59833333,137度34分51秒,137,34,51,137.5808333
2059,烏帽子岳,北・中央アルプス,2628m,★★★★,-,3泊4日,"39度48分18秒, 140度50分19秒",39度48分18秒,39,48,18,39.805,140度50分19秒,140,50,19,140.8386111
2060,赤牛岳,北・中央アルプス,2864m,★★★★,-,3泊4日,"36度27分42秒, 137度36分12秒",36度27分42秒,36,27,42,36.46166667,137度36分12秒,137,36,12,137.6033333
2061,餓鬼岳,北・中央アルプス,2647m,★★★,-,1泊2日,"36度26分50秒, 137度44分10秒",36度26分50秒,36,26,50,36.44722222,137度44分10秒,137,44,10,137.7361111
2062,有明山,北・中央アルプス,2268m,★★★,-,日帰り,"36度23分28秒, 137度46分14秒",36度23分28秒,36,23,28,36.39111111,137度46分14秒,137,46,14,137.7705556
2063,燕岳,北・中央アルプス,2763m,★★★,-,2泊3日,"36度24分25秒, 137度42分46秒",36度24分25秒,36,24,25,36.40694444,137度42分46秒,137,42,46,137.7127778
2064,大天井岳,北・中央アルプス,2922m,★★★,-,2泊3日,"36度21分54秒, 137度42分04秒",36度21分54秒,36,21,54,36.365,137度42分04秒,137,42,4,137.7011111
2065,霞沢岳,北・中央アルプス,2646m,★★★,-,1泊2日,"36度13分16秒, 137度38分26秒",36度13分16秒,36,13,16,36.22111111,137度38分26秒,137,38,26,137.6405556
2066,経ヶ岳,北・中央アルプス,2296m,★★,-,日帰り,"35度54分46秒, 137度51分45秒",35度54分46秒,35,54,46,35.91277778,137度51分45秒,137,51,45,137.8625
2067,南駒ヶ岳,北・中央アルプス,2841m,★★★★,-,1泊2日,"35度42分05秒, 137度48分39秒",35度42分05秒,35,42,5,35.70138889,137度48分39秒,137,48,39,137.8108333
2068,安平路山,北・中央アルプス,2363m,★★★★,-,日帰り,"35度37分50秒, 137度46分28秒",35度37分50秒,35,37,50,35.63055556,137度46分28秒,137,46,28,137.7744444
2069,小秀山,北・中央アルプス,1982m,★★★,-,日帰り,"35度47分08秒, 137度23分49秒",35度47分08秒,35,47,8,35.78555556,137度23分49秒,137,23,49,137.3969444
2070,鋸岳,南アルプス,2685m,★★★★★,-,1泊2日,"36度55分55秒, 137度58分08秒",36度55分55秒,36,55,55,36.93194444,137度58分08秒,137,58,8,137.9688889
2071,農鳥岳,南アルプス,3026m,★★★★,-,2泊3日,"35度37分29秒, 138度13分49秒",35度37分29秒,35,37,29,35.62472222,138度13分49秒,138,13,49,138.2302778
2072,笊ヶ岳,南アルプス,2629m,★★★★,-,日帰り,"35度25分27秒, 138度15分34秒",35度25分27秒,35,25,27,35.42416667,138度15分34秒,138,15,34,138.2594444
2073,上河内岳,南アルプス,2803m,★★★★,-,2泊3日,"35度23分23秒, 138度09分10秒",35度23分23秒,35,23,23,35.38972222,138度09分10秒,138,9,10,138.1527778
2074,池口岳,南アルプス,2392m,★★★,-,日帰り,"35度19分49秒, 138度02分18秒",35度19分49秒,35,19,49,35.33027778,138度02分18秒,138,2,18,138.0383333
2075,大無間山,南アルプス,2330m,★★★★,-,1泊2日,"35度15分22秒, 138度09分42秒",35度15分22秒,35,15,22,35.25611111,138度09分42秒,138,9,42,138.1616667
2076,愛鷹山,東海・北陸,1504m,★★,-,日帰り,"35度14分17秒, 138度47分38秒",35度14分17秒,35,14,17,35.23805556,138度47分38秒,138,47,38,138.7938889
2077,金剛堂山,東海・北陸,1650m,★★★,-,日帰り,"36度22分44秒, 137度02分56秒",36度22分44秒,36,22,44,36.37888889,137度02分56秒,137,2,56,137.0488889
2078,位山,東海・北陸,1529m,★,-,日帰り,"36度02分18秒, 137度11分48秒",36度02分18秒,36,2,18,36.03833333,137度11分48秒,137,11,48,137.1966667
2079,笈ヶ岳,東海・北陸,1841m,★★★★,-,1泊2日,"36度17分55秒, 136度47分32秒",36度17分55秒,36,17,55,36.29861111,136度47分32秒,136,47,32,136.7922222
2080,大日ヶ岳,東海・北陸,1709m,★★,-,日帰り,"36度00分05秒, 136度50分16秒",36度00分05秒,36,0,5,36.00138889,136度50分16秒,136,50,16,136.8377778
2081,能郷白山,東海・北陸,1617m,★,-,日帰り,"35度45分45秒, 136度30分51秒",35度45分45秒,35,45,45,35.7625,136度30分51秒,136,30,51,136.5141667
2082,御在所岳,近畿,1212m,★★,-,日帰り,"35度01分14秒, 136度25分04秒",35度01分14秒,35,1,14,35.02055556,136度25分04秒,136,25,4,136.4177778
2083,釈迦ヶ岳,近畿,1800m,★★★,-,1泊2日,"36度54分00秒, 139度46分36秒",36度54分00秒,36,54,0,36.9,139度46分36秒,139,46,36,139.7766667
2084,伯母子岳,近畿,1344m,★★,-,日帰り,"34度04分39秒, 135度39分03秒",34度04分39秒,34,4,39,34.0775,135度39分03秒,135,39,3,135.6508333
2085,金剛山,近畿,1125m,★★,-,日帰り,"34度25分10秒, 135度40分23秒",34度25分10秒,34,25,10,34.41944444,135度40分23秒,135,40,23,135.6730556
2086,武奈ヶ岳,近畿,1214m,★★★,-,1泊2日,"35度15分53秒, 135度53分49秒",35度15分53秒,35,15,53,35.26472222,135度53分49秒,135,53,49,135.8969444
2087,氷ノ山,中国・四国,1510m,★★,-,日帰り,"35度21分14秒, 134度30分50秒",35度21分14秒,35,21,14,35.35388889,134度30分50秒,134,30,50,134.5138889
2088,上蒜山,中国・四国,1202m,★★,-,日帰り,"35度19分30秒, 133度39分48秒",35度19分30秒,35,19,30,35.325,133度39分48秒,133,39,48,133.6633333
2089,三瓶山,中国・四国,1126m,★★,-,日帰り,"35度08分26秒, 132度37分18秒",35度08分26秒,35,8,26,35.14055556,132度37分18秒,132,37,18,132.6216667
2090,三嶺,中国・四国,1894m,★★★,-,日帰り,"33度50分22秒, 133度59分16秒",33度50分22秒,33,50,22,33.83944444,133度59分16秒,133,59,16,133.9877778
2091,東赤石山,中国・四国,1706m,★★★,-,日帰り,"33度52分31秒, 133度22分26秒",33度52分31秒,33,52,31,33.87527778,133度22分26秒,133,22,26,133.3738889
2092,笹ヶ峰,中国・四国,1860m,★★,-,日帰り,"33度49分41秒, 133度16分29秒",33度49分41秒,33,49,41,33.82805556,133度16分29秒,133,16,29,133.2747222
2093,英彦山,九州,1199m,★★,-,日帰り,"33度28分34秒, 130度55分34秒",33度28分34秒,33,28,34,33.47611111,130度55分34秒,130,55,34,130.9261111
2094,由布岳,九州,1583m,★★,-,日帰り,"33度16分56秒, 131度23分25秒",33度16分56秒,33,16,56,33.28222222,131度23分25秒,131,23,25,131.3902778
2095,大崩山,九州,1644m,★★★★,-,日帰り,"32度44分16秒, 131度30分47秒",32度44分16秒,32,44,16,32.73777778,131度30分47秒,131,30,47,131.5130556
2096,雲仙岳,九州,1483m,★★,-,日帰り,"32度45分36秒, 130度17分32秒",32度45分36秒,32,45,36,32.76,130度17分32秒,130,17,32,130.2922222
2097,市房山,九州,1721m,★★★,-,日帰り,"32度18分42秒, 131度06分04秒",32度18分42秒,32,18,42,32.31166667,131度06分04秒,131,6,4,131.1011111
2098,尾鈴山,九州,1405m,★★,-,日帰り,"32度17分57秒, 131度25分36秒",32度17分57秒,32,17,57,32.29916667,131度25分36秒,131,25,36,131.4266667
2099,高千穂峰,九州,1574m,★★,-,日帰り,"31度53分11秒, 130度55分08秒",31度53分11秒,31,53,11,31.88638889,130度55分08秒,130,55,8,130.9188889
2100,桜島,九州,1117m,★★,-,日帰り,"31度35分33秒, 130度39分24秒",31度35分33秒,31,35,33,31.5925,130度39分24秒,130,39,24,130.6566667
3001,ニセイカウシュッペ山,北海道,1883m,★★,22,日帰り,"43度46分48秒, 142度59分07秒",43度46分48秒,43,46,48,43.78,142度59分07秒,142,59,7,142.9852778
3002,オプタテシケ山,北海道,2013m,★★★★,44,日帰り,"43度28分13秒, 142度45分06秒",43度28分13秒,43,28,13,43.47027778,142度45分06秒,142,45,6,142.7516667
3003,神威岳,北海道,1600m,★★★★,41,日帰り,"42度25分42秒, 142度54分25秒",42度25分42秒,42,25,42,42.42833333,142度54分25秒,142,54,25,142.9069444
3004,余市岳,北海道,1488m,★★,30,日帰り,"43度01分58秒, 141度01分11秒",43度01分58秒,43,1,58,43.03277778,141度01分11秒,141,1,11,141.0197222
3005,ニセコアンヌプリ,北海道,1308m,★,14,日帰り,"42度52分30秒, 140度39分32秒",42度52分30秒,42,52,30,42.875,140度39分32秒,140,39,32,140.6588889
3006,狩場山,北海道,1520m,★★,22,日帰り,"42度36分48秒, 139度56分26秒",42度36分48秒,42,36,48,42.61333333,139度56分26秒,139,56,26,139.9405556
3007,大千軒岳,北海道,1072m,★★,28,日帰り,"41度34分46秒, 140度09分39秒",41度34分46秒,41,34,46,41.57944444,140度09分39秒,140,9,39,140.1608333
3008,五葉山,東北,1351m,★,17,日帰り,"39度12分19秒, 141度43分56秒",39度12分19秒,39,12,19,39.20527778,141度43分56秒,141,43,56,141.7322222
3009,乳頭山（烏帽子岳）,東北,1478m,★★,20,日帰り,"39度48分18秒, 140度50分19秒",39度48分18秒,39,48,18,39.805,140度50分19秒,140,50,19,140.8386111
3010,太平山,東北,1170m,★★,-,日帰り,"39度47分49秒, 140度18分38秒",39度47分49秒,39,47,49,39.79694444,140度18分38秒,140,18,38,140.3105556
3011,泉ヶ岳,東北,1175m,★★,17,日帰り,"38度24分43秒, 140度42分32秒",38度24分43秒,38,24,43,38.41194444,140度42分32秒,140,42,32,140.7088889
3012,摩耶山,東北,1020m,★★★,28,日帰り,"38度31分13秒, 139度43分40秒",38度31分13秒,38,31,13,38.52027778,139度43分40秒,139,43,40,139.7277778
3013,祝瓶山,東北,1417m,★★,-,日帰り,"38度11分51秒, 139度52分47秒",38度11分51秒,38,11,51,38.1975,139度52分47秒,139,52,47,139.8797222
3014,一切経山,東北,1949m,★★,-,日帰り,"37度44分07秒, 140度14分40秒",37度44分07秒,37,44,7,37.73527778,140度14分40秒,140,14,40,140.2444444
3015,大滝根山,東北,1192m,★,-,日帰り,"37度21分18秒, 140度42分06秒",37度21分18秒,37,21,18,37.355,140度42分06秒,140,42,6,140.7016667
3016,二岐山,東北,1544m,★★,-,日帰り,"37度14分47秒, 139度58分02秒",37度14分47秒,37,14,47,37.24638889,139度58分02秒,139,58,2,139.9672222
3017,七ヶ岳,東北,1636m,★★,-,日帰り,"37度07分27秒, 139度39分27秒",37度07分27秒,37,7,27,37.12416667,139度39分27秒,139,39,27,139.6575
3018,荒海山（太郎岳）,東北,1581m,★★,-,日帰り,"37度02分10秒, 139度38分37秒",37度02分10秒,37,2,10,37.03611111,139度38分37秒,139,38,37,139.6436111
3019,八溝山,関東,1022m,★★,-,日帰り,"36度55分49秒, 140度16分23秒",36度55分49秒,36,55,49,36.93027778,140度16分23秒,140,16,23,140.2730556
3020,男鹿岳,関東,1777m,★★★★,-,日帰り,"37度05分07秒, 139度49分19秒",37度05分07秒,37,5,7,37.08527778,139度49分19秒,139,49,19,139.8219444
3021,高原山,関東,1795m,★★★,-,日帰り,"36度54分00秒, 139度46分36秒",36度54分00秒,36,54,0,36.9,139度46分36秒,139,46,36,139.7766667
3022,太郎山,関東,2368m,★★★,-,日帰り,"36度49分04秒, 139度28分58秒",36度49分04秒,36,49,4,36.81777778,139度28分58秒,139,28,58,139.4827778
3023,袈裟丸山,関東,1961m,★★,-,日帰り,"36度38分58秒, 139度19分38秒",36度38分58秒,36,38,58,36.64944444,139度19分38秒,139,19,38,139.3272222
3024,景鶴山,関東,2004m,登山不可,登山不可,登山不可,"36度57分25秒, 139度12分38秒",36度57分25秒,36,57,25,36.95694444,139度12分38秒,139,12,38,139.2105556
3025,朝日岳,関東,1945m,★★★★,-,日帰り,"38度15分38秒, 139度55分20秒",38度15分38秒,38,15,38,38.26055556,139度55分20秒,139,55,20,139.9222222
3026,諏訪山,関東,1549m,★★★,-,日帰り,"36度02分40秒, 138度43分75秒",36度02分40秒,36,2,40,36.04444444,138度43分75秒,138,43,75,138.7375
3027,三頭山,関東,1531m,★★,-,日帰り,"44度05分30秒, 142度05分09秒",44度05分30秒,44,5,30,44.09166667,142度05分09秒,142,5,9,142.0858333
3028,大山,関東,1252m,★★,-,日帰り,"34度57分51秒, 139度46分40秒",34度57分51秒,34,57,51,34.96416667,139度46分40秒,139,46,40,139.7777778
3029,金時山,関東,1212m,★,-,日帰り,"35度17分23秒, 139度00分18秒",35度17分23秒,35,17,23,35.28972222,139度00分18秒,139,0,18,139.005
3030,箱根山（神山）,関東,1438m,★,-,日帰り,"35度14分00秒, 139度01分15秒",35度14分00秒,35,14,0,35.23333333,139度01分15秒,139,1,15,139.0208333
3031,金北山,甲信越,1172m,★★,-,1泊2日,"38度06分14秒, 138度20分59秒",38度06分14秒,38,6,14,38.10388889,138度20分59秒,138,20,59,138.3497222
3032,粟ヶ岳,甲信越,1293m,★★★,-,日帰り,"37度33分19秒, 139度11分19秒",37度33分19秒,37,33,19,37.55527778,139度11分19秒,139,11,19,139.1886111
3033,浅草岳,甲信越,1585m,★★,-,日帰り,"37度20分37秒, 139度14分01秒",37度20分37秒,37,20,37,37.34361111,139度14分01秒,139,14,1,139.2336111
3034,米山,甲信越,993m,★,-,日帰り,"37度17分22秒, 138度29分02秒",37度17分22秒,37,17,22,37.28944444,138度29分02秒,138,29,2,138.4838889
3035,横手山,甲信越,2307m,★★★,-,日帰り,"36度40分08秒, 138度31分33秒",36度40分08秒,36,40,8,36.66888889,138度31分33秒,138,31,33,138.5258333
3036,笠ヶ岳,甲信越,2076m,★,-,日帰り,"36度40分36秒, 138度28分53秒",36度40分36秒,36,40,36,36.67666667,138度28分53秒,138,28,53,138.4813889
3037,斑尾山,甲信越,1382m,★★,-,日帰り,"36度50分15秒, 138度16分28秒",36度50分15秒,36,50,15,36.8375,138度16分28秒,138,16,28,138.2744444
3038,焼山,甲信越,2400m,★★★★,-,日帰り,"39度57分50秒, 140度45分25秒",39度57分50秒,39,57,50,39.96388889,140度45分25秒,140,45,25,140.7569444
3039,黒姫山,甲信越,1221m,★★★,-,日帰り,"37度13分34秒, 138度35分32秒",37度13分34秒,37,13,34,37.22611111,138度35分32秒,138,35,32,138.5922222
3040,鉢伏山,甲信越,1929m,★★,-,日帰り,"36度09分47秒, 138度03分33秒",36度09分47秒,36,9,47,36.16305556,138度03分33秒,138,3,33,138.0591667
3041,入笠山,甲信越,1955m,★★,-,日帰り,"35度53分47秒, 138度10分18秒",35度53分47秒,35,53,47,35.89638889,138度10分18秒,138,10,18,138.1716667
3042,国師ヶ岳,甲信越,2592m,★,-,日帰り,"35度52分15秒, 138度40分23秒",35度52分15秒,35,52,15,35.87083333,138度40分23秒,138,40,23,138.6730556
3043,黒岳（御坂黒岳）,甲信越,1793m,★★,-,日帰り,"35度33分07秒, 138度44分58秒",35度33分07秒,35,33,7,35.55194444,138度44分58秒,138,44,58,138.7494444
3044,朝日岳,北・中央アルプス,2418m,★★★★,-,2泊3日,"38度15分38秒, 139度55分20秒",38度15分38秒,38,15,38,38.26055556,139度55分20秒,139,55,20,139.9222222
3045,唐松岳,北・中央アルプス,2696m,★★★,-,1泊2日,"36度41分14秒, 137度45分17秒",36度41分14秒,36,41,14,36.68722222,137度45分17秒,137,45,17,137.7547222
3046,爺ヶ岳,北・中央アルプス,2670m,★★★,-,1泊2日,"36度35分18秒, 137度45分03秒",36度35分18秒,36,35,18,36.58833333,137度45分03秒,137,45,3,137.7508333
3047,蓮華岳,北・中央アルプス,2799m,★★★,-,1泊2日,"36度32分09秒, 137度42分38秒",36度32分09秒,36,32,9,36.53583333,137度42分38秒,137,42,38,137.7105556
3048,鍬崎山,北・中央アルプス,2090m,★★★,-,日帰り,"36度32分24秒, 137度28分41秒",36度32分24秒,36,32,24,36.54,137度28分41秒,137,28,41,137.4780556
3049,野口五郎岳,北・中央アルプス,2924m,★★★★,-,3泊4日,"36度25分58秒, 137度38分16秒",36度25分58秒,36,25,58,36.43277778,137度38分16秒,137,38,16,137.6377778
3050,三俣蓮華岳,北・中央アルプス,2841m,★★★★,-,3泊4日,"36度23分24秒, 137度35分16秒",36度23分24秒,36,23,24,36.39,137度35分16秒,137,35,16,137.5877778
3051,鉢盛山,北・中央アルプス,2447m,★★,-,日帰り,"36度05分12秒, 137度45分17秒",36度05分12秒,36,5,12,36.08666667,137度45分17秒,137,45,17,137.7547222
3052,越百山,北・中央アルプス,2614m,★★★★,-,1泊2日,"35度40分46秒, 137度48分12秒",35度40分46秒,35,40,46,35.67944444,137度48分12秒,137,48,12,137.8033333
3053,南木曽岳,北・中央アルプス,1679m,★★,-,日帰り,"35度35分33秒, 137度38分39秒",35度35分33秒,35,35,33,35.5925,137度38分39秒,137,38,39,137.6441667
3054,奥三界岳,北・中央アルプス,1811m,★★★,-,日帰り,"35度40分54秒, 137度30分26秒",35度40分54秒,35,40,54,35.68166667,137度30分26秒,137,30,26,137.5072222
3055,アサヨ峰,南アルプス,2799m,★★★,-,2泊3日,"35度43分54秒, 138度14分29秒",35度43分54秒,35,43,54,35.73166667,138度14分29秒,138,14,29,138.2413889
3056,奥茶臼山,南アルプス,2474m,★★★,-,日帰り,"35度29分06秒, 138度04分09秒",35度29分06秒,35,29,6,35.485,138度04分09秒,138,4,9,138.0691667
3057,茶臼岳,南アルプス,2604m,★★★★,-,1泊2日,"39度57分03秒, 140度53分56秒",39度57分03秒,39,57,3,39.95083333,140度53分56秒,140,53,56,140.8988889
3058,山伏,東海・北陸,2013m,★★★,-,日帰り,"35度18分16秒, 138度17分07秒",35度18分16秒,35,18,16,35.30444444,138度17分07秒,138,17,7,138.2852778
3059,黒法師岳,東海・北陸,2068m,★★★,-,日帰り,"35度11分46秒, 138度01分46秒",35度11分46秒,35,11,46,35.19611111,138度01分46秒,138,1,46,138.0294444
3060,高塚山,東海・北陸,1621m,★★★,-,日帰り,"35度06分56秒, 138度00分13秒",35度06分56秒,35,6,56,35.11555556,138度00分13秒,138,0,13,138.0036111
3061,熊伏山,東海・北陸,1654m,★★,-,日帰り,"35度15分48秒, 137度53分42秒",35度15分48秒,35,15,48,35.26333333,137度53分42秒,137,53,42,137.895
3062,白木峰,東海・北陸,1596m,★★,-,日帰り,"36度24分56秒, 137度06分44秒",36度24分56秒,36,24,56,36.41555556,137度06分44秒,137,6,44,137.1122222
3063,人形山,東海・北陸,1726m,★★★,-,日帰り,"36度20分56秒, 136度56分23秒",36度20分56秒,36,20,56,36.34888889,136度56分23秒,136,56,23,136.9397222
3064,猿ヶ馬場山,東海・北陸,1875m,★★★,-,日帰り,"36度13分33秒, 136度56分34秒",36度13分33秒,36,13,33,36.22583333,136度56分34秒,136,56,34,136.9427778
3065,川上岳,東海・北陸,1625m,★★,-,日帰り,"36度00分30秒, 137度08分58秒",36度00分30秒,36,0,30,36.00833333,137度08分58秒,137,8,58,137.1494444
3066,鷲ヶ岳,東海・北陸,1671m,★,-,日帰り,"35度56分25秒, 136度58分17秒",35度56分25秒,35,56,25,35.94027778,136度58分17秒,136,58,17,136.9713889
3067,医王山,東海・北陸,939m,★★,-,日帰り,"36度30分46秒, 136度47分46秒",36度30分46秒,36,30,46,36.51277778,136度47分46秒,136,47,46,136.7961111
3068,大門山,東海・北陸,1572m,★,-,日帰り,"36度21分55秒, 136度48分13秒",36度21分55秒,36,21,55,36.36527778,136度48分13秒,136,48,13,136.8036111
3069,大笠山,東海・北陸,1822m,★★★,-,日帰り,"36度19分14秒, 136度47分23秒",36度19分14秒,36,19,14,36.32055556,136度47分23秒,136,47,23,136.7897222
3070,三方岩岳,東海・北陸,1736m,★★,-,日帰り,"36度15分29秒, 136度50分40秒",36度15分29秒,36,15,29,36.25805556,136度50分40秒,136,50,40,136.8444444
3071,野伏ヶ岳,東海・北陸,1674m,★★★,-,日帰り,"36度00分46秒, 136度43分57秒",36度00分46秒,36,0,46,36.01277778,136度43分57秒,136,43,57,136.7325
3072,経ヶ岳,東海・北陸,1625m,★★,-,日帰り,"35度54分46秒, 137度51分45秒",35度54分46秒,35,54,46,35.91277778,137度51分45秒,137,51,45,137.8625
3073,冠山,東海・北陸,1257m,★★,-,日帰り,"35度47分19秒, 138度50分09秒",35度47分19秒,35,47,19,35.78861111,138度50分09秒,138,50,9,138.8358333
3074,藤原岳,近畿,1140m,★★★,-,日帰り,"35度09分31秒, 136度27分10秒",35度09分31秒,35,9,31,35.15861111,136度27分10秒,136,27,10,136.4527778
3075,倶留尊山,近畿,1037m,★★,-,日帰り,"34度31分51秒, 136度10分13秒",34度31分51秒,34,31,51,34.53083333,136度10分13秒,136,10,13,136.1702778
3076,三峰山,近畿,1235m,★★,-,日帰り,"34度26分55秒, 136度12分23秒",34度26分55秒,34,26,55,34.44861111,136度12分23秒,136,12,23,136.2063889
3077,高見山,近畿,1248m,★★★,-,日帰り,"34度25分43秒, 136度05分18秒",34度25分43秒,34,25,43,34.42861111,136度05分18秒,136,5,18,136.0883333
3078,龍門岳,近畿,904m,★★,-,日帰り,"34度14分17秒, 135度24分41秒",34度14分17秒,34,14,17,34.23805556,135度24分41秒,135,24,41,135.4113889
3079,山上ヶ岳,近畿,1719m,★★,-,日帰り,"34度15分09秒, 135度56分28秒",34度15分09秒,34,15,9,34.2525,135度56分28秒,135,56,28,135.9411111
3080,護摩壇山,近畿,1372m,★,-,日帰り,"34度03分27秒, 135度34分01秒",34度03分27秒,34,3,27,34.0575,135度34分01秒,135,34,1,135.5669444
3081,大和葛城山,近畿,959m,★,-,日帰り,"34度27分22秒, 135度40分56秒",34度27分22秒,34,27,22,34.45611111,135度40分56秒,135,40,56,135.6822222
3082,蓬莱山,近畿,1174m,★★★,-,日帰り,"35度12分34秒, 135度53分09秒",35度12分34秒,35,12,34,35.20944444,135度53分09秒,135,53,9,135.8858333
3083,比叡山,近畿,848m,★,-,日帰り,"35度03分57秒, 135度50分04秒",35度03分57秒,35,3,57,35.06583333,135度50分04秒,135,50,4,135.8344444
3084,愛宕山,近畿,924m,★★,-,日帰り,"35度06分54秒, 139度59分13秒",35度06分54秒,35,6,54,35.115,139度59分13秒,139,59,13,139.9869444
3085,六甲山,近畿,931m,★★,-,日帰り,"34度46分41秒, 135度15分49秒",34度46分41秒,34,46,41,34.77805556,135度15分49秒,135,15,49,135.2636111
3086,扇ノ山,中国・四国,1310m,★,-,日帰り,"35度26分23秒, 134度26分27秒",35度26分23秒,35,26,23,35.43972222,134度26分27秒,134,26,27,134.4408333
3087,那岐山,中国・四国,1255m,★★,-,日帰り,"35度10分18秒, 134度10分49秒",35度10分18秒,35,10,18,35.17166667,134度10分49秒,134,10,49,134.1802778
3088,道後山,中国・四国,1271m,★,-,日帰り,"35度04分10秒, 133度13分58秒",35度04分10秒,35,4,10,35.06944444,133度13分58秒,133,13,58,133.2327778
3089,吾妻山,中国・四国,1238m,★,-,日帰り,"37度44分18秒, 140度08分27秒",37度44分18秒,37,44,18,37.73833333,140度08分27秒,140,8,27,140.1408333
3090,伊予富士,中国・四国,1756m,★★,-,日帰り,"33度47分17秒, 133度14分53秒",33度47分17秒,33,47,17,33.78805556,133度14分53秒,133,14,53,133.2480556
3091,瓶ヶ森,中国・四国,1897m,★,-,日帰り,"33度47分41秒, 133度11分36秒",33度47分41秒,33,47,41,33.79472222,133度11分36秒,133,11,36,133.1933333
3092,三本杭,中国・四国,1226m,★★,-,日帰り,"33度11分18秒, 132度38分07秒",33度11分18秒,33,11,18,33.18833333,132度38分07秒,132,38,7,132.6352778
3093,篠山,中国・四国,1065m,★,-,日帰り,"33度03分21秒, 132度39分33秒",33度03分21秒,33,3,21,33.05583333,132度39分33秒,132,39,33,132.6591667
3094,脊振山,九州,1055m,★★,-,日帰り,"33度26分11秒, 130度22分07秒",33度26分11秒,33,26,11,33.43638889,130度22分07秒,130,22,7,130.3686111
3095,鶴見岳,九州,1375m,★★,-,日帰り,"33度17分12秒, 131度25分47秒",33度17分12秒,33,17,12,33.28666667,131度25分47秒,131,25,47,131.4297222
3096,涌蓋山,九州,1500m,★★,-,日帰り,"33度08分24秒, 131度09分52秒",33度08分24秒,33,8,24,33.14,131度09分52秒,131,9,52,131.1644444
3097,大船山,九州,1786m,★★★,-,日帰り,"33度05分42秒, 131度16分50秒",33度05分42秒,33,5,42,33.095,131度16分50秒,131,16,50,131.2805556
3098,傾山,九州,1605m,★★★★,-,日帰り,"32度50分20秒, 131度28分33秒",32度50分20秒,32,50,20,32.83888889,131度28分33秒,131,28,33,131.4758333
3099,多良岳,九州,996m,★★★,-,日帰り,"32度59分15秒, 130度04分35秒",32度59分15秒,32,59,15,32.9875,130度04分35秒,130,4,35,130.0763889
3100,国見岳,九州,1739m,★★,-,日帰り,"36度34分16秒, 137度35分23秒",36度34分16秒,36,34,16,36.57111111,137度35分23秒,137,35,23,137.5897222
3101,高隅山,九州,1236m,★★,-,日帰り,"31度29分10秒, 130度49分07秒",31度29分10秒,31,29,10,31.48611111,130度49分07秒,130,49,7,130.8186111
,,,,,,,0,#VALUE!,#VALUE!,#VALUE!,#VALUE!,#VALUE!,#VALUE!,#VALUE!,#VALUE!,#VALUE!,#VALUE!